,pkavumba/balanced-copa,SetFit/mrpc,nightingal3/fig-qa,mteb/amazon_polarity,gimmaru/story_cloze-2016,yahoo_answers_topics,dair-ai/emotion
mistralai/Mistral-7B-Instruct-v0.2,12.792367834742151,0.4653869829488754,2.7397685487960914,0.3102988143364367,0.5020872879767178,1.6952648790746156,0.4085900304838772
