,pkavumba/balanced-copa,SetFit/mrpc,nightingal3/fig-qa,mteb/amazon_polarity,gimmaru/story_cloze-2016,yahoo_answers_topics,dair-ai/emotion
facebook/bart-large-mnli,9.707414640423522,14.118670369435328,13.999006723308359,14.227618269529374,14.142666367019427,13.67716374314296,13.793635984244691
