,pkavumba/balanced-copa,SetFit/mrpc,nightingal3/fig-qa,mteb/amazon_polarity,gimmaru/story_cloze-2016,yahoo_answers_topics,dair-ai/emotion
meta-llama/Llama-2-7b-chat-hf,12.50311027352372,0.6340192057767812,4.566961679283154,0.3731230912493164,0.5503910524501453,2.272968192159083,0.462068480636162
