,model,shot,SPC,PPC,excluded,dataset,Mean,std,speed
0,roberta-base,0,4000,1,None,amazon_p,0.9096,0.016592166826548016,156.07406617826229
1,roberta-base,0,4000,1,None,copa,0.748,0.021679483388678818,521.9387783940767
2,roberta-base,0,4000,1,None,emotion,0.49799999999999994,0.04807546151624547,125.61871202429333
3,roberta-base,0,4000,1,None,figqa,0.5910420475319926,0.004989888140386189,538.7532808931022
4,roberta-base,0,4000,1,None,mrpc,0.5838840579710145,0.17054388699482706,702.2924967557617
5,roberta-base,0,4000,1,None,storycloze,0.7799586776859503,0.034410287086666234,409.6492618914155
6,roberta-base,0,4000,1,None,yahoo,0.41180000000000005,0.021253235047869766,229.69138310033577
